Table,xfer,,
ConstraintTable,ConstraintField,ConstraintEquivalence,ColumnConstrained
Data,,,
id
73
74
75
76
77
78
79
80
81
82
83
84
85
86
87
88
89
90
91
92
93
94
95
96
97
98
99
100
101
102
103
104
105
106
107
108
109
110
111
112
113
114
115
116
117
118
119
120
121
122
123
124
125
126
127
128
129
130
131
132
133
134
135
136
137
138
139
140
141
142
143
144
145
146
147
148
149
150
151
152
153
154
155
156
157
158
159
160
161
162
163
164
165
166
167
168
169
170
171
172
173
174
175
176
177
178
179
180
181
182
183
184
185
186
187
188
189
190
191
192
193
194
195
196
197
198
199
200
201
202
203
204
205
206
207
208
209
210
213
214
215
216
217
218
219
220
221
222
223
224
225
226
227
228
229
230
231
232
233
234
235
236
237
238
239
240
241
242
243
244
245
246
247
248
249
250
251
252
253
254
255
256
257
258
259
260
261
262
263
264
265
266
267
268
269
270
271
272
273
274
275
276
277
278
279
280
281
321
323
324
325
326
327
328
329
330
331
332
334
370
371
372
373
374
375
376
377
378
379
380
381
382
383
384
385
386
387
388
389
390
391
392
401
402
403
404
405
406
407
408
409
410
411
412
413
414
415
416
417
418
419
420
421
422
423
502
503
504
505
506
507
508
509
510
511
512
513
514
515
516
517
518
519
520
521
522
523
524
525
526
527
528
529
530
531
532
533
534
535
536
537
538
539
540
541
542
543
544
545
546
547
548
549
550
551
552
553
554
555
556
557
558
559
560
561
569
570
571
572
573
574
575
576
577
578
579
580
581
582
583
584
585
586
587
588
589
590
591
592
662
663
664
665
666
667
691
692
693
694
695
696
703
704
705
707
708
709
715
716
772
774
776
777
778
785
786
787
789
790
791
792
793
794
795
796
797
798
799
800
801
802
803
804
805
806
807
808
809
810
824
825
827
828
830
831
832
833
834
835
836
837
839
840
842
843
845
846
851
852
854
855
857
858
860
861
863
864
866
867
869
870
872
873
875
876
878
879
881
882
884
885
887
888
890
891
893
894
896
897
899
900
902
903
905
906
908
909
911
912
914
915
917
918
920
921
923
924
926
927
929
930
932
933
935
936
938
939
941
942
944
945
947
948
950
951
953
954
956
957
959
960
962
963
965
966
968
969
971
972
974
975
977
978
980
981
983
984
986
987
989
990
992
993
995
996
998
999
1001
1002
1004
1005
1007
1008
1010
1011
1013
1014
1016
1017
1019
1020
1022
1023
1025
1026
1028
1029
1031
1032
1034
1035
1037
1038
1040
1041
1043
1044
1046
1047
1049
1050
1052
1053
1055
1056
1058
1059
1061
1062
1064
1065
1067
1068
1070
1071
1073
1074
1076
1077
1079
1080
1082
1083
1085
1086
1088
1089
1091
1092
1094
1095
1097
1098
1100
1101
1103
1104
1106
1107
1109
1110
1112
1113
1115
1116
1118
1119
1121
1122
1124
1125
1127
1128
1130
1131
1133
1134
1136
1137
1139
1140
1142
1143
1145
1146
1148
1149
1151
1152
1154
1155
1157
1158
1160
1161
1163
1164
1166
1167
1169
1170
1172
1173
1175
1176
1178
1179
1181
1182
1184
1185
1187
1188
1190
1191
1193
1194
1196
1197
1199
1200
1202
1203
1205
1206
1208
1209
1211
1212
1214
1215
1217
1218
1220
1221
1223
1224
1226
1227
1229
1230
1232
1233
1235
1236
1238
1239
1241
1242
1244
1245
1247
1248
1250
1251
1253
1254
1256
1257
1259
1260
1262
1263
1265
1266
1268
1269
1271
1272
1274
1275
1277
1278
1280
1281
1283
1284
1286
1287
1289
1290
1292
1293
1295
1296
1298
1299
1344
1345
1346
End